,Chimborazo,Cotopaxi,Guayas,Imbabura,Loja,Pichincha,Acu-Chimborazo,Acu-Cotopaxi,Acu-Guayas,Acu-Imbabura,Acu-Loja,Acu-Pichincha,Acu-Pichincha1,Acu-Pichincha2
01/01/2020,0.80,0.66,21.54,3.33,2.33,6.68,0.80,0.66,21.54,3.33,2.33,6.68,0.80,4.659.661.905
02/01/2020,-1.20,-3.34,23.54,0.33,-0.67,-0.32,-0.40,-2.67,45.08,3.66,1.66,6.35,0.40,4.745.395.238
03/01/2020,1.80,-3.34,16.54,1.33,0.33,10.68,1.40,-6.01,61.63,4.99,0.33,17.03,1.80,4.741.128.571
04/01/2020,3.80,-3.34,2.54,1.33,-2.67,10.68,5.20,-9.34,64.17,6.32,-2.34,27.71,7.00,4.686.861.905
05/01/2020,2.80,0.66,13.54,1.33,2.33,1.68,8.00,-8.68,77.71,7.65,2.33,29.39,15.00,4.882.595.238
06/01/2020,-0.20,0.66,12.54,-1.67,6.33,0.68,7.80,-8.01,90.25,5.97,8.66,30.06,22.80,4.968.328.571
07/01/2020,-1.20,0.66,6.54,-0.67,-2.67,2.68,6.60,-7.35,96.79,5.30,-2.67,32.74,29.40,5.054.061.905
08/01/2020,1.80,-1.34,16.54,-5.67,-0.67,-5.32,8.40,-8.68,113.34,-0.37,-3.34,27.42,37.80,5.029.795.238
09/01/2020,3.80,-1.34,10.54,1.33,2.33,3.68,12.20,-10.02,123.88,0.96,2.33,31.10,50.00,5.205.528.571
10/01/2020,4.80,-4.34,3.54,-3.67,6.33,0.68,17.00,-14.35,127.42,-2.71,8.66,31.77,67.00,5.281.261.905
11/01/2020,1.80,-0.34,-2.46,1.33,-3.67,4.68,18.80,-14.69,124.96,-1.38,-3.67,36.45,85.80,5.386.995.238
12/01/2020,1.80,-2.34,6.54,2.33,2.33,11.68,20.60,-17.03,131.50,0.95,-1.34,48.13,106.40,5.502.728.571
13/01/2020,-0.20,-4.34,30.54,2.33,1.33,-0.32,20.40,-21.36,162.05,3.28,1.33,47.81,126.80,5.668.461.905
14/01/2020,-0.20,2.66,3.54,0.33,2.33,1.68,20.20,-18.70,165.59,3.61,3.66,49.48,147.00,5.794.195.238
15/01/2020,0.80,1.66,-9.46,2.33,0.33,10.68,21.00,-17.03,156.13,5.94,0.33,60.16,168.00,5.899.928.571
16/01/2020,-0.20,-2.34,-2.46,2.33,-1.67,-8.32,20.80,-19.37,153.67,8.26,-1.34,51.84,188.80,6.000.960.829
17/01/2020,-3.20,1.66,8.54,-1.67,-1.67,8.68,17.60,-17.70,162.21,6.59,-1.67,60.52,206.40,6.081.993.088
18/01/2020,-1.20,-0.34,1.54,0.33,0.33,10.68,16.40,-18.04,163.75,6.92,-1.34,71.19,222.80,6.273.025.346
19/01/2020,4.80,4.66,30.54,0.33,-1.67,-10.32,21.20,-13.37,194.30,7.25,-1.67,60.87,244.00,6.404.057.604
20/01/2020,2.80,-1.34,20.54,-0.67,0.33,6.68,24.00,-14.71,214.84,6.58,-1.34,67.55,268.00,6.635.089.862
21/01/2020,5.80,-3.34,0.54,-1.67,0.33,6.68,29.80,-18.05,215.38,4.91,0.33,74.23,297.80,688.612.212
22/01/2020,-3.20,-3.34,-0.46,2.33,1.33,-5.32,26.60,-21.38,214.92,7.24,1.66,68.90,324.40,6.997.154.378
23/01/2020,-4.20,-0.34,3.54,1.33,-0.67,-14.32,22.40,-21.72,218.46,8.57,-0.67,54.58,346.80,7.048.186.636
24/01/2020,0.80,1.66,-9.46,2.33,-3.67,6.68,23.20,-20.05,209.01,10.90,-4.34,61.26,370.00,7.169.218.894
25/01/2020,0.80,-1.34,20.54,-0.67,-3.67,5.68,24.00,-21.39,229.55,10.23,-3.67,66.94,394.00,7.300.251.152
26/01/2020,2.80,-2.34,5.54,-1.67,-2.67,6.68,26.80,-23.72,235.09,8.55,-6.34,73.61,420.80,747.128.341
27/01/2020,-0.20,-2.34,1.54,1.33,5.33,0.68,26.60,-26.06,236.63,9.88,5.33,74.29,447.40,7.542.315.668
28/01/2020,-2.20,3.66,-4.46,2.33,-3.67,3.68,24.40,-22.39,232.17,12.21,1.66,77.97,471.80,7.773.347.926
29/01/2020,-4.20,-3.34,-5.46,-2.67,2.33,2.68,20.20,-25.73,226.72,9.54,2.33,80.65,492.00,7.794.380.184
30/01/2020,4.80,2.66,-4.46,-0.67,1.33,-4.32,25.00,-23.06,222.26,8.87,3.66,76.32,517.00,7.985.412.442
31/01/2020,-0.20,-4.34,-8.46,0.33,2.33,8.68,24.80,-27.40,213.80,9.20,2.33,85.00,541.80,80.964.447
01/02/2020,-3.96,2.36,-5.52,1.48,-3.00,-1.41,20.84,-25.04,208.28,10.68,-0.67,83.59,562.64,8.347.476.959
02/02/2020,0.04,-0.64,-3.52,0.48,1.00,-0.41,20.89,-25.69,204.76,11.16,1.00,83.19,583.53,8.428.509.217
03/02/2020,02.04,2.36,-5.52,-1.52,-1.00,9.59,22.93,-23.33,199.24,9.64,0.00,92.78,606.46,8.639.541.475
04/02/2020,0.04,-0.64,6.48,3.48,-1.00,-10.41,22.97,-23.97,205.71,13.11,-1.00,82.37,629.43,8.880.573.733
05/02/2020,01.04,3.36,-16.52,-0.52,-3.00,7.59,24.01,-20.61,189.19,12.59,-4.00,89.96,653.44,9.101.605.991
06/02/2020,-1.96,3.36,4.48,2.48,-4.00,0.59,22.06,-17.26,193.67,15.07,-4.00,90.56,675.50,9.232.638.249
07/02/2020,0.04,3.36,-10.52,-0.52,-2.00,7.59,22.10,-13.90,183.15,14.55,-6.00,98.15,697.60,9.503.670.507
08/02/2020,0.04,2.36,5.48,-1.52,-1.00,-1.41,22.14,-11.54,188.63,13.03,-1.00,96.74,719.74,9.754.702.765
09/02/2020,0.04,-2.64,8.48,-0.52,-2.00,10.59,22.19,-14.19,197.11,12.51,-3.00,107.34,741.93,9.945.735.023
10/02/2020,-0.96,0.36,5.48,0.48,4.00,-2.41,21.23,-13.83,202.59,12.99,4.00,104.93,763.16,1.012.676.728
11/02/2020,-0.96,-1.64,4.48,-0.52,1.00,11.59,20.27,-15.47,207.06,12.46,5.00,116.52,783.43,1.032.779.954
12/02/2020,-4.96,-1.64,12.48,1.48,1.00,0.59,15.31,-17.11,219.54,13.94,1.00,117.11,798.74,105.988.318
13/02/2020,0.04,1.36,-2.52,-1.52,-3.00,5.59,15.36,-15.76,217.02,12.42,-2.00,122.71,814.10,1.093.986.406
14/02/2020,-2.96,1.36,8.48,-1.52,-2.00,18.59,12.40,-14.40,225.50,10.90,-2.00,141.30,826.50,1.121.089.631
15/02/2020,0.04,3.36,-6.52,0.48,-1.00,7.59,12.44,-11.04,218.98,11.38,-3.00,148.89,838.94,1.129.192.857
16/02/2020,01.04,1.36,10.48,-0.52,-4.00,18.59,13.49,-9.69,229.46,10.86,-4.00,167.49,852.43,1.157.112.857
17/02/2020,-2.96,-2.64,-9.52,-0.52,-2.00,7.59,10.53,-12.33,219.94,10.34,-6.00,175.08,862.96,1.185.032.857
18/02/2020,-1.96,1.36,2.48,5.48,-2.00,3.59,8.57,-10.97,222.41,15.81,-2.00,178.67,871.53,1.203.952.857
19/02/2020,-2.96,-0.64,13.48,-2.52,-4.00,-1.41,5.61,-11.61,235.89,13.29,-6.00,177.26,877.14,1.223.872.857
20/02/2020,0.04,1.36,-5.52,-1.52,0.00,3.59,5.66,-10.26,230.37,11.77,0.00,180.86,882.80,1.238.792.857
21/02/2020,0.04,-0.64,-5.52,-3.52,-4.00,3.59,5.70,-10.90,224.85,8.25,-4.00,184.45,888.50,1.247.712.857
22/02/2020,02.04,-3.64,13.48,1.48,-4.00,11.59,7.74,-14.54,238.33,9.73,-4.00,196.04,896.24,1.267.632.857
23/02/2020,02.04,2.36,-2.52,-0.52,4.00,5.59,9.79,-12.19,235.81,9.21,0.00,201.64,906.03,1.295.552.857
24/02/2020,0.04,-2.64,0.48,-1.52,-1.00,3.59,9.83,-14.83,236.29,7.69,-1.00,205.23,915.86,1.317.472.857
25/02/2020,-1.96,5.36,-6.52,1.48,0.00,5.59,7.87,-9.47,229.76,9.16,-1.00,210.82,923.73,1.335.392.857
26/02/2020,-1.96,2.36,20.48,0.48,2.00,-2.41,5.91,-7.11,250.24,9.64,2.00,208.41,929.64,1.365.312.857
27/02/2020,01.04,0.36,3.48,-2.52,0.00,-0.41,6.96,-6.76,253.72,7.12,2.00,208.01,936.60,1.392.232.857
28/02/2020,04.04,0.36,-6.52,-2.52,0.00,7.59,11.00,-6.40,247.20,4.60,0.00,215.60,947.60,1.419.152.857
29/02/2020,-0.96,0.36,17.48,-0.52,-2.00,16.59,10.04,-6.04,264.68,04.08,-2.00,232.19,957.64,1.442.072.857
01/03/2020,-1.54,7.26,0.28,-2.33,-3.35,0.73,8.50,1.22,264.96,1.75,-3.35,232.92,966.14,1.468.992.857
02/03/2020,-1.54,-1.74,0.28,-1.33,1.65,4.73,6.96,-0.53,265.23,0.43,-1.70,237.65,973.10,1.488.912.857
03/03/2020,-1.54,3.26,6.28,-1.33,0.65,-7.27,5.42,2.73,271.51,-0.90,0.65,230.38,978.52,1.510.832.857
04/03/2020,7.46,-1.74,12.28,-1.33,-2.35,-2.27,12.88,0.99,283.79,-2.23,-1.70,228.11,991.39,1.548.752.857
05/03/2020,0.46,-2.74,5.28,-1.33,0.65,4.73,13.33,-1.75,289.07,-3.55,0.65,232.84,1004.73,1.571.672.857
06/03/2020,1.46,1.26,13.28,-4.33,-4.35,7.73,14.79,-0.49,302.34,-7.88,-3.70,240.57,1019.52,1.616.592.857
07/03/2020,3.46,1.26,0.28,1.67,3.65,-5.27,18.25,0.76,302.62,-6.21,3.65,235.30,1037.77,1.633.512.857
08/03/2020,-0.54,1.26,-6.72,-3.33,1.65,9.73,17.71,02.02,295.90,-9.53,5.30,245.03,1055.48,1.674.432.857
09/03/2020,0.46,1.26,7.28,0.67,-0.35,4.73,18.17,3.28,303.18,-8.86,-0.35,249.75,1073.64,1.709.352.857
10/03/2020,1.46,2.26,1.28,3.67,3.65,5.73,19.62,5.54,304.45,-5.19,3.30,255.48,1093.26,1.746.272.857
11/03/2020,6.46,1.26,-9.72,-0.33,-0.35,10.73,26.08,6.80,294.73,-5.51,-0.35,266.21,1119.35,1.759.192.857
12/03/2020,-0.54,2.26,2.28,-1.33,-4.35,7.73,25.54,09.05,297.01,-6.84,-4.70,273.94,1144.89,1.809.112.857
13/03/2020,-0.54,0.26,9.28,-0.33,4.65,-10.27,25.00,9.31,306.29,-7.17,4.65,263.67,1169.88,1.852.032.857
14/03/2020,-2.54,0.26,1.28,-1.33,-3.35,-1.27,22.46,9.57,307.56,-8.49,1.30,262.40,1192.34,1.899.952.857
15/03/2020,5.46,5.26,2.28,-1.33,-2.35,3.73,27.91,14.83,309.84,-9.82,-2.35,266.13,1220.25,1.928.872.857
16/03/2020,-3.54,-2.74,-5.72,-1.33,1.65,3.73,24.37,12.09,304.12,-11.15,-0.70,269.86,1244.63,1.967.792.857
17/03/2020,-5.54,2.26,-5.72,-2.33,1.65,-2.27,18.83,14.34,298.39,-13.47,1.65,267.59,1263.46,2.005.438.018
18/03/2020,1.46,0.26,17.28,-3.33,0.65,6.73,20.29,14.60,315.67,-16.80,2.30,274.32,1283.74,204.508.318
19/03/2020,0.46,-1.74,4.28,0.67,-3.35,-7.27,20.75,12.86,319.95,-16.13,-3.35,267.04,1304.49,2.089.728.341
20/03/2020,-0.54,-0.74,48.28,-0.33,-3.35,-6.27,20.20,12.12,368.23,-16.45,-6.70,260.77,1324.69,2.152.373.502
21/03/2020,-2.54,4.26,42.28,0.67,1.65,-6.27,17.66,16.38,410.50,-15.78,1.65,254.50,1342.36,2.201.018.664
22/03/2020,-2.54,-2.74,64.28,-1.33,-0.35,6.73,15.12,13.63,474.78,-17.11,1.30,261.23,1357.48,2.241.663.825
23/03/2020,-0.54,-1.74,87.28,-0.33,1.65,-3.27,14.58,11.89,562.06,-17.43,1.65,257.96,1372.05,2.298.308.986
24/03/2020,-0.54,-0.74,157.28,-2.33,-0.35,2.73,14.04,11.15,719.34,-19.76,1.30,260.69,1386.09,2.365.954.147
25/03/2020,-0.54,-1.74,212.28,-2.33,2.65,4.73,13.49,9.41,931.61,-22.09,2.65,265.42,1399.59,2.416.599.309
26/03/2020,-1.54,0.26,284.28,2.67,-3.35,3.73,11.95,9.67,1215.89,-19.41,-0.70,269.15,1411.54,248.324.447
27/03/2020,2.46,1.26,367.28,2.67,-1.35,7.73,14.41,10.92,1583.17,-16.74,-1.35,276.88,1425.95,2.542.889.631
28/03/2020,3.46,0.26,476.28,3.67,-1.35,20.73,17.87,11.18,2059.45,-13.07,-2.70,297.61,1443.82,2.601.534.793
29/03/2020,6.46,1.26,513.28,-0.33,1.65,8.73,24.33,12.44,2572.72,-13.39,1.65,306.33,1468.14,2.667.179.954
30/03/2020,7.46,-1.74,595.28,-3.33,-2.35,12.73,31.78,10.70,3168.00,-16.72,-0.70,319.06,1499.93,2.724.825.115
31/03/2020,2.46,0.26,632.28,-1.33,-2.35,5.73,34.24,10.96,3800.28,-18.05,-2.35,324.79,1534.17,2.796.470.276
01/04/2020,-1.47,-1.98,753.18,0.67,-1.16,17.57,32.77,8.98,4553.46,-17.37,-3.51,342.37,1566.94,2.835.115.438
02/04/2020,10.53,06.02,713.18,-1.33,-3.16,14.57,43.30,15.00,5266.64,-18.70,-3.16,356.94,1610.24,2.904.760.599
03/04/2020,3.53,-1.98,744.18,0.67,0.84,9.57,46.82,13.02,6010.82,-18.03,-2.32,366.51,1657.06,297.140.576
04/04/2020,5.53,-0.98,795.18,5.67,1.84,2.57,52.35,12.04,6806.00,-12.35,1.84,369.09,1709.41,3.035.050.922
05/04/2020,12.53,01.02,697.18,-0.33,2.84,-1.43,64.88,13.06,7503.18,-12.68,4.68,367.66,1774.29,3.108.696.083
06/04/2020,8.53,-0.98,617.18,0.67,1.84,12.57,73.40,12.08,8120.36,-12.01,1.84,380.23,1847.69,3.169.341.244
07/04/2020,10.53,-0.98,631.18,-2.33,2.84,8.57,83.93,11.10,8751.54,-14.33,4.68,388.81,1931.62,3.237.986.406
08/04/2020,10.53,-2.98,586.18,0.67,-2.16,4.57,94.46,8.12,9337.72,-13.66,-2.16,393.38,2026.07,3.299.631.567
09/04/2020,6.53,04.02,556.18,1.67,3.84,6.57,100.98,12.14,9893.90,-11.99,1.68,399.95,2127.06,3.360.276.728
10/04/2020,10.53,05.02,506.18,1.67,-2.16,7.57,111.51,17.16,10400.08,-10.31,-2.16,407.53,2238.57,3.421.921.889
11/04/2020,1.53,02.02,473.18,5.67,3.84,2.57,113.04,19.18,10873.26,-4.64,1.68,410.10,2351.60,3.485.567.051
12/04/2020,5.53,-0.98,437.18,-3.33,-0.16,17.57,118.56,18.20,11310.44,-7.97,-0.16,427.67,2470.17,3.558.212.212
13/04/2020,-0.47,02.02,402.18,1.67,-2.16,8.57,118.09,20.22,11712.62,-6.29,-2.32,436.25,2588.26,3.619.857.373
14/04/2020,0.53,0.02,343.18,-2.33,-0.16,5.57,118.62,20.24,12055.80,-8.62,-0.16,441.82,2706.87,3.672.502.535
15/04/2020,6.53,-0.98,307.18,1.67,-0.16,14.57,125.14,19.26,12362.98,-6.95,-0.32,456.39,2832.01,3.733.147.696
16/04/2020,5.53,01.02,253.18,0.67,-2.16,9.57,130.67,20.28,12616.16,-6.27,-2.16,465.97,,3.803.792.857
17/04/2020,7.53,02.02,241.18,-0.33,-1.16,8.57,138.20,22.30,12857.34,-6.60,-3.32,474.54,,3.868.638.018
18/04/2020,3.53,02.02,184.18,-0.33,-2.16,-0.43,141.72,24.32,13041.52,-6.93,-2.16,474.11,,392.548.318
19/04/2020,1.53,03.02,216.18,0.67,4.84,-5.43,143.25,27.34,13257.70,-6.25,2.68,468.69,,3.990.328.341
20/04/2020,2.53,0.02,207.18,-1.33,4.84,19.57,145.78,27.36,13464.88,-7.58,4.84,488.26,,4.056.173.502
21/04/2020,7.53,01.02,157.18,3.67,-4.16,8.57,153.30,28.38,13622.06,-3.91,0.68,496.83,,4.124.018.664
22/04/2020,4.53,04.02,148.18,0.67,2.84,8.57,157.83,32.40,13770.24,-3.23,2.84,505.41,,4.185.863.825
23/04/2020,3.53,-2.98,129.18,-1.33,-0.16,-2.43,161.36,29.42,13899.42,-4.56,2.68,502.98,,4.248.708.986
24/04/2020,7.53,0.02,114.18,-1.33,2.84,17.57,168.88,29.44,14013.60,-5.89,2.84,520.55,,4.303.554.147
25/04/2020,7.53,-0.98,127.18,-3.33,-1.16,7.57,176.41,28.46,14140.78,-9.21,1.68,528.13,,4.367.399.309
26/04/2020,2.53,01.02,106.18,-0.33,2.84,10.57,178.94,29.48,14246.96,-9.54,2.84,538.70,,441.124.447
27/04/2020,4.53,0.02,108.18,3.67,-1.16,11.57,183.46,29.50,14355.14,-5.87,1.68,550.27,,4.462.089.631
28/04/2020,7.53,07.02,85.18,1.67,-4.16,16.57,190.99,36.52,14440.32,-4.19,-4.16,566.85,,4.529.934.793
29/04/2020,10.53,01.02,84.18,1.67,-1.16,12.57,201.52,37.54,14524.50,-2.52,-5.32,579.42,,4.581.779.954
30/04/2020,1.53,06.02,70.18,3.67,1.84,10.57,203.04,43.56,14594.68,1.15,1.84,589.99,,4.621.625.115
01/05/2020,0.68,2.94,67.03,-0.26,0.69,10.10,203.72,46.49,14661.70,0.89,2.53,600.10,,4.684.470.276
02/05/2020,5.68,0.94,63.03,-1.26,0.69,8.10,209.40,47.43,14724.73,-0.38,0.69,608.20,,4.715.315.438
03/05/2020,2.68,4.94,61.03,-0.26,-0.31,19.10,212.08,52.36,14785.76,-0.64,0.38,627.30,,4.747.160.599
04/05/2020,4.68,-1.06,71.03,-1.26,-2.31,13.10,216.75,51.30,14856.78,-1.91,-2.31,640.41,,478.300.576
05/05/2020,3.68,-2.06,45.03,-4.26,5.69,23.10,220.43,49.23,14901.81,-6.17,3.38,663.51,,4.827.850.922
06/05/2020,4.68,-0.06,57.03,-2.26,4.69,25.10,225.11,49.17,14958.83,-8.44,4.69,688.61,,4.857.696.083
07/05/2020,5.68,2.94,44.03,0.74,-0.31,11.10,230.78,52.11,15002.86,-7.70,4.38,699.72,,4.896.541.244
08/05/2020,8.68,4.94,44.03,-0.26,1.69,5.10,239.46,57.04,15046.89,-7.96,1.69,704.82,,4.935.386.406
09/05/2020,-3.32,-1.06,45.03,4.74,0.69,12.10,236.14,55.98,15091.91,-3.23,2.38,716.92,,4.978.231.567
10/05/2020,0.68,1.94,42.03,1.74,3.69,13.10,236.82,57.91,15133.94,-1.49,3.69,730.03,,5.024.076.728
11/05/2020,2.68,-4.06,50.03,3.74,0.69,17.10,239.49,53.85,15183.96,2.24,4.38,747.13,,5.065.921.889
12/05/2020,5.68,3.94,36.03,0.74,1.69,7.10,245.17,57.78,15219.99,2.98,1.69,754.23,,5.081.767.051
13/05/2020,3.68,0.94,29.03,3.74,2.69,23.10,248.85,58.72,15249.01,6.71,4.38,777.33,,5.107.612.212
14/05/2020,-0.32,-1.06,04.03,-0.26,1.69,2.10,248.53,57.65,15253.04,6.45,1.69,779.44,,5.148.457.373
15/05/2020,3.68,0.94,20.03,0.74,0.69,19.10,252.20,58.59,15273.07,7.18,2.38,798.54,,5.180.302.535
16/05/2020,4.68,1.94,21.03,1.74,-3.31,11.10,256.88,60.52,15294.09,8.92,-3.31,809.64,,5.207.147.696
17/05/2020,6.68,1.94,17.03,-1.26,0.69,25.10,263.56,62.46,15311.12,7.66,-2.62,834.75,,5.232.992.857
18/05/2020,6.68,2.94,19.03,0.74,1.69,8.10,270.24,65.40,15330.14,8.39,1.69,842.85,,5.257.872.857
19/05/2020,1.68,-1.06,20.03,0.74,1.69,21.10,271.91,64.33,15350.17,9.13,3.38,863.95,,5.300.752.857
20/05/2020,2.68,2.94,17.03,-2.26,1.69,24.10,274.59,67.27,15367.19,6.86,1.69,888.06,,5.343.632.857
21/05/2020,1.68,-0.06,11.03,5.74,0.69,22.10,276.27,67.20,15378.22,12.60,2.38,910.16,,5.363.512.857
22/05/2020,-2.32,1.94,32.03,-0.26,3.69,13.10,273.95,69.14,15410.25,12.33,3.69,923.26,,5.392.392.857
23/05/2020,-3.32,5.94,0.03,1.74,-0.31,27.10,270.62,75.07,15410.27,14.07,3.38,950.37,,5.425.272.857
24/05/2020,10.68,-1.06,01.03,5.74,-0.31,25.10,281.30,74.01,15411.30,19.80,-0.31,975.47,,5.453.152.857
25/05/2020,4.68,0.94,16.03,-1.26,1.69,19.10,285.98,74.94,15427.32,18.54,1.38,994.57,,5.482.032.857
26/05/2020,2.68,5.94,20.03,0.74,1.69,18.10,288.66,80.88,15447.35,19.27,1.69,1012.68,,5.522.912.857
27/05/2020,3.68,2.94,-0.97,-2.26,-1.31,20.10,292.33,83.82,15446.38,17.01,0.38,1032.78,,5.545.792.857
28/05/2020,4.68,-3.06,25.03,0.74,1.69,27.10,297.01,80.75,15471.40,17.75,1.69,1059.88,,5.569.672.857
29/05/2020,6.68,2.94,14.03,-1.26,-1.31,34.10,303.69,83.69,15485.43,16.48,0.38,1093.99,,5.591.552.857
30/05/2020,6.68,3.94,12.03,-0.26,0.69,27.10,310.37,87.62,15497.45,16.22,0.69,1121.09,,5.627.432.857
31/05/2020,-4.32,-1.06,05.03,-0.26,1.69,8.10,306.04,86.56,15502.48,15.95,2.38,1129.19,,5.685.312.857
01/06/2020,4.94,5.29,16.05,1.83,5.99,27.92,310.98,91.85,15518.53,17.79,5.99,1157.11,,5.704.192.857
02/06/2020,7.94,3.29,01.05,1.83,0.99,27.92,318.92,95.14,15519.59,19.62,6.99,1185.03,,5.727.072.857
03/06/2020,6.94,1.29,02.05,0.83,2.99,18.92,325.86,96.44,15521.64,20.45,2.99,1203.95,,5.751.952.857
04/06/2020,4.94,4.29,10.05,3.83,6.99,19.92,330.80,100.73,15531.69,24.29,9.99,1223.87,,5.788.832.857
05/06/2020,0.94,2.29,06.05,4.83,-0.01,14.92,331.74,103.02,15537.75,29.12,-0.01,1238.79,,5.807.712.857
06/06/2020,-0.06,8.29,08.05,7.83,1.99,8.92,331.68,111.32,15545.80,36.95,1.99,1247.71,,5.837.592.857
07/06/2020,5.94,4.29,22.05,-1.17,1.99,19.92,337.62,115.61,15567.85,35.79,1.99,1267.63,,5.863.472.857
08/06/2020,1.94,14.29,13.05,7.83,0.99,27.92,339.56,129.90,15580.91,43.62,2.99,1295.55,,5.882.352.857
09/06/2020,3.94,8.29,01.05,2.83,1.99,21.92,343.50,138.20,15581.96,46.45,1.99,1317.47,,5.911.232.857
10/06/2020,4.94,8.29,20.05,0.83,0.99,17.92,348.44,146.49,15602.01,47.29,2.99,1335.39,,5.923.112.857
11/06/2020,1.94,3.29,0.05,0.83,2.99,29.92,350.38,149.78,15602.07,48.12,2.99,1365.31,,5.936.992.857
12/06/2020,7.94,5.29,06.05,4.83,1.99,26.92,358.32,155.08,15608.12,52.95,4.99,1392.23,,5.962.872.857
13/06/2020,7.94,6.29,0.05,0.83,1.99,26.92,366.26,161.37,15608.17,53.79,1.99,1419.15,,5.982.752.857
14/06/2020,4.94,7.29,-2.95,0.83,-4.01,22.92,371.20,168.66,15605.23,54.62,-2.01,1442.07,,5.992.632.857
15/06/2020,6.94,5.29,04.05,3.83,4.99,26.92,378.14,173.96,15609.28,58.45,4.99,1468.99,,6.014.512.857
16/06/2020,0.94,4.29,03.05,2.83,6.99,19.92,379.08,178.25,15612.33,61.29,11.99,1488.91,,6.032.392.857
17/06/2020,0.94,3.29,07.05,2.83,-2.01,21.92,380.02,181.54,15619.39,64.12,-2.01,1510.83,,6.045.070.276
18/06/2020,-1.06,6.29,-3.95,3.83,4.99,37.92,378.96,187.84,15615.44,67.95,2.99,1548.75,,6.058.747.696
19/06/2020,9.94,2.29,04.05,4.83,3.99,22.92,388.90,190.13,15619.49,72.79,3.99,1571.67,,6.064.425.115
20/06/2020,3.94,11.29,14.05,2.83,4.99,44.92,392.84,201.42,15633.55,75.62,8.99,1616.59,,6.075.102.535
21/06/2020,4.94,2.29,09.05,7.83,1.99,16.92,397.78,203.72,15642.60,83.45,1.99,1633.51,,6.087.779.954
22/06/2020,9.94,1.29,04.05,-0.17,0.99,40.92,407.72,205.01,15646.65,83.29,2.99,1674.43,,6.103.457.373
23/06/2020,2.94,0.29,15.05,0.83,-1.01,34.92,410.66,205.30,15661.71,84.12,-1.01,1709.35,,6.113.134.793
24/06/2020,7.94,7.29,04.05,0.83,0.99,36.92,418.60,212.60,15665.76,84.95,-0.01,1746.27,,6.125.812.212
25/06/2020,2.94,8.29,-4.95,3.83,-2.01,12.92,421.54,220.89,15660.81,88.79,-2.01,1759.19,,6.137.489.631
26/06/2020,-0.06,1.29,01.05,2.83,0.99,49.92,421.48,222.18,15661.87,91.62,-1.01,1809.11,,6.149.167.051
27/06/2020,0.94,6.29,13.05,2.83,5.99,42.92,422.42,228.48,15674.92,94.45,5.99,1852.03,,615.584.447
28/06/2020,1.94,6.29,04.05,-0.17,2.99,47.92,424.36,234.77,15678.97,94.29,8.99,1899.95,,6.171.521.889
29/06/2020,7.94,8.29,-7.95,6.83,3.99,28.92,432.30,243.06,15671.03,101.12,3.99,1928.87,,6.184.199.309
30/06/2020,7.94,1.29,-1.95,0.83,-0.01,38.92,440.24,244.36,15669.08,101.95,3.99,1967.79,,6.202.876.728
01/07/2020,4.65,3.94,1.75,0.92,-1.13,37.65,444.89,248.30,15670.83,102.87,-1.13,2005.44,,6.208.554.147
02/07/2020,-3.35,5.94,15.75,2.92,-2.13,39.65,441.55,254.24,15686.58,105.78,-3.26,2045.08,,6.220.231.567
03/07/2020,3.65,4.94,29.75,0.92,3.87,44.65,445.20,259.18,15716.32,106.70,3.87,2089.73,,6.232.908.986
04/07/2020,5.65,4.94,13.75,6.92,8.87,62.65,450.85,264.12,15730.07,113.62,12.74,2152.37,,6.247.586.406
05/07/2020,7.65,8.94,10.75,-0.08,3.87,48.65,458.50,273.07,15740.82,113.53,3.87,2201.02,,6.251.263.825
06/07/2020,10.65,2.94,17.75,2.92,3.87,40.65,469.15,276.01,15758.57,116.45,7.74,2241.66,,6.273.941.244
07/07/2020,9.65,0.94,-1.25,6.92,-1.13,56.65,478.80,276.95,15757.32,123.36,-1.13,2298.31,,6.280.618.664
08/07/2020,4.65,1.94,10.75,2.92,-0.13,67.65,483.46,278.89,15768.07,126.28,-1.26,2365.95,,6.291.296.083
09/07/2020,2.65,2.94,14.75,1.92,5.87,50.65,486.11,281.83,15782.81,128.20,5.87,2416.60,,6.303.973.502
10/07/2020,8.65,6.94,18.75,6.92,5.87,66.65,494.76,288.78,15801.56,135.11,11.74,2483.24,,6.315.650.922
11/07/2020,12.65,7.94,10.75,4.92,9.87,59.65,507.41,296.72,15812.31,140.03,9.87,2542.89,,6.340.328.341
12/07/2020,9.65,11.94,14.75,2.92,0.87,58.65,517.06,308.66,15827.06,142.95,10.74,2601.53,,634.900.576
13/07/2020,7.65,0.94,15.75,5.92,4.87,65.65,524.71,309.60,15842.81,148.86,4.87,2667.18,,635.668.318
14/07/2020,14.65,5.94,7.75,6.92,4.87,57.65,539.37,315.54,15850.56,155.78,9.74,2724.83,,6.367.360.599
15/07/2020,10.65,1.94,12.75,6.92,4.87,71.65,550.02,317.49,15863.30,162.69,4.87,2796.47,,6.375.038.018
16/07/2020,12.65,2.94,9.75,5.92,-0.13,38.65,562.67,320.43,15873.05,168.61,4.74,2835.12,,6.391.715.438
17/07/2020,9.65,1.94,-4.25,1.92,1.87,69.65,572.32,322.37,15868.80,170.53,1.87,2904.76,,6.406.392.857
18/07/2020,3.65,6.94,5.75,12.92,2.87,66.65,575.97,329.31,15874.55,183.44,4.74,2971.41,,642.784.619
19/07/2020,16.65,6.94,22.75,6.92,4.87,63.65,592.62,336.25,15897.30,190.36,4.87,3035.05,,6.445.299.524
20/07/2020,16.65,1.94,18.75,6.92,2.87,73.65,609.28,338.20,15916.05,197.27,7.74,3108.70,,6.445.752.857
21/07/2020,0.65,8.94,1.75,2.92,8.87,60.65,609.93,347.14,15917.79,200.19,8.87,3169.34,,644.320.619
22/07/2020,15.65,-1.06,14.75,0.92,7.87,68.65,625.58,346.08,15932.54,201.11,16.74,3237.99,,6.450.659.524
23/07/2020,6.65,8.94,17.75,5.92,10.87,61.65,632.23,355.02,15950.29,207.02,10.87,3299.63,,6.458.112.857
24/07/2020,2.65,6.94,11.75,6.92,4.87,60.65,634.88,361.96,15962.04,213.94,15.74,3360.28,,646.656.619
25/07/2020,5.65,8.94,25.75,6.92,6.87,61.65,640.53,370.91,15987.79,220.86,6.87,3421.92,,6.476.019.524
26/07/2020,10.65,1.94,30.75,9.92,7.87,63.65,651.18,372.85,16018.54,230.77,14.74,3485.57,,6.489.472.857
27/07/2020,6.65,5.94,-3.25,8.92,7.87,72.65,657.84,378.79,16015.29,239.69,7.87,3558.21,,650.092.619
28/07/2020,6.65,7.94,23.75,13.92,10.87,61.65,664.49,386.73,16039.03,253.60,18.74,3619.86,,6.505.379.524
29/07/2020,8.65,-1.06,6.75,5.92,6.87,52.65,673.14,385.67,16045.78,259.52,6.87,3672.50,,6.519.832.857
30/07/2020,9.65,5.94,20.75,3.92,4.87,60.65,682.79,391.62,16066.53,263.44,11.74,3733.15,,654.228.619
31/07/2020,8.65,1.94,20.75,8.92,11.87,70.65,691.44,393.56,16087.28,272.35,11.87,3803.79,,6.543.739.524
01/08/2020,12.85,4.57,27.10,3.48,8.99,64.85,704.29,398.12,16114.38,275.83,20.86,3868.64,,6.556.192.857
02/08/2020,7.85,4.57,21.10,9.48,2.99,56.85,712.15,402.69,16135.47,285.31,2.99,3925.48,,656.564.619
03/08/2020,7.85,4.57,29.10,9.48,3.99,64.85,720.00,407.26,16164.57,294.78,6.99,3990.33,,6.585.099.524
04/08/2020,4.85,2.57,16.10,7.48,11.99,65.85,724.85,409.83,16180.67,302.26,11.99,4056.17,,6.597.552.857
05/08/2020,11.85,2.57,-1.90,9.48,3.99,67.85,736.70,412.40,16178.76,311.74,15.99,4124.02,,661.500.619
06/08/2020,8.85,-0.43,-3.90,7.48,3.99,61.85,745.55,411.96,16174.86,319.22,3.99,4185.86,,6.629.459.524
07/08/2020,3.85,1.57,20.10,8.48,8.99,62.85,749.40,413.53,16194.96,327.69,12.99,4248.71,,6.645.912.857
08/08/2020,0.85,2.57,23.10,2.48,7.99,54.85,750.26,416.10,16218.05,330.17,7.99,4303.55,,665.836.619
09/08/2020,8.85,-0.43,14.10,7.48,-0.01,63.85,759.11,415.67,16232.15,337.65,7.99,4367.40,,6.659.819.524
10/08/2020,7.85,9.57,4.10,9.48,7.99,43.85,766.96,425.23,16236.25,347.13,7.99,4411.24,,6.692.272.857
11/08/2020,2.85,9.57,14.10,4.48,12.99,50.85,769.81,434.80,16250.34,351.60,20.99,4462.09,,669.972.619
12/08/2020,0.85,5.57,13.10,7.48,3.99,67.85,770.66,440.37,16263.44,359.08,3.99,4529.93,,6.703.179.524
13/08/2020,6.85,2.57,14.10,14.48,4.99,51.85,777.51,442.94,16277.54,373.56,8.99,4581.78,,6.708.632.857
14/08/2020,4.85,5.57,18.10,14.48,12.99,39.85,782.37,448.51,16295.63,388.04,12.99,4621.63,,671.508.619
15/08/2020,5.85,5.57,11.10,6.48,10.99,62.85,788.22,454.07,16306.73,394.51,23.99,4684.47,,6.725.539.524
16/08/2020,3.85,3.57,8.10,6.48,6.99,30.85,792.07,457.64,16314.83,400.99,6.99,4715.32,,6.737.992.857
17/08/2020,9.85,9.57,17.10,3.48,9.99,31.85,801.92,467.21,16331.92,404.47,16.99,4747.16,,6.751.302.535
18/08/2020,2.85,2.57,15.10,11.48,2.99,35.85,804.77,469.78,16347.02,415.95,2.99,4783.01,,6.756.612.212
19/08/2020,11.85,5.57,9.10,9.48,9.99,44.85,816.62,475.34,16356.12,425.42,12.99,4827.85,,6.780.921.889
20/08/2020,4.85,0.57,25.10,1.48,-2.01,29.85,821.48,475.91,16381.21,426.90,-2.01,4857.70,,6.793.231.567
21/08/2020,0.85,1.57,18.10,6.48,3.99,38.85,822.33,477.48,16399.31,433.38,1.99,4896.54,,6.797.541.244
22/08/2020,3.85,5.57,13.10,3.48,4.99,38.85,826.18,483.05,16412.41,436.86,4.99,4935.39,,6.820.850.922
23/08/2020,5.85,1.57,21.10,5.48,7.99,42.85,832.03,484.62,16433.50,442.33,12.99,4978.23,,6.821.160.599
24/08/2020,0.85,1.57,-0.90,14.48,11.99,45.85,832.88,486.18,16432.60,456.81,11.99,5024.08,,6.834.470.276
25/08/2020,0.85,3.57,14.10,6.48,3.99,41.85,833.73,489.75,16446.70,463.29,15.99,5065.92,,6.840.779.954
26/08/2020,2.85,-1.43,16.10,4.48,4.99,15.85,836.58,488.32,16462.79,467.76,4.99,5081.77,,6.848.089.631
27/08/2020,6.85,9.57,8.10,5.48,-0.01,25.85,843.44,497.89,16470.89,473.24,4.99,5107.61,,6.860.399.309
28/08/2020,8.85,3.57,18.10,9.48,7.99,40.85,852.29,501.45,16488.99,482.72,7.99,5148.46,,6.871.708.986
29/08/2020,4.85,0.57,13.10,1.48,5.99,31.85,857.14,502.02,16502.09,484.20,13.99,5180.30,,6.888.018.664
30/08/2020,3.85,5.57,5.10,-0.52,4.99,26.85,860.99,507.59,16507.18,483.67,4.99,5207.15,,6.909.328.341
31/08/2020,4.85,2.57,10.10,5.48,6.99,25.85,865.84,510.16,16517.28,489.15,11.99,5232.99,,6.918.638.018
01/09/2020,3.26,5.41,11.21,05.02,-1.09,24.88,869.10,515.57,16528.49,494.17,-1.09,5257.87,,6.928.947.696
02/09/2020,1.26,3.41,7.21,08.02,4.91,42.88,870.36,518.98,16535.69,502.19,3.81,5300.75,,6.943.257.373
03/09/2020,-1.74,5.41,23.21,05.02,3.91,42.88,868.62,524.40,16558.90,507.21,3.91,5343.63,,6.966.567.051
04/09/2020,0.26,7.41,11.21,10.02,8.91,19.88,868.88,531.81,16570.11,517.23,12.81,5363.51,,6.985.876.728
05/09/2020,1.26,3.41,9.21,02.02,1.91,28.88,870.14,535.22,16579.31,519.25,1.91,5392.39,,7.014.186.406
06/09/2020,5.26,5.41,16.21,03.02,9.91,32.88,875.40,540.64,16595.52,522.27,11.81,5425.27,,7.028.496.083
07/09/2020,3.26,-0.59,5.21,03.02,6.91,27.88,878.66,540.05,16600.73,525.29,6.91,5453.15,,703.580.576
08/09/2020,0.26,0.41,20.21,01.02,1.91,28.88,878.92,540.46,16620.93,526.31,8.81,5482.03,,7.065.115.438
09/09/2020,0.26,0.41,9.21,11.02,8.91,40.88,879.18,540.88,16630.14,537.33,8.91,5522.91,,7.077.425.115
10/09/2020,8.26,0.41,8.21,03.02,3.91,22.88,887.44,541.29,16638.35,540.35,12.81,5545.79,,7.096.734.793
11/09/2020,-0.74,4.41,-3.79,0.02,2.91,23.88,886.70,545.70,16634.55,540.37,2.91,5569.67,,710.404.447
12/09/2020,5.26,2.41,7.21,06.02,7.91,21.88,891.96,548.12,16641.76,546.39,10.81,5591.55,,7.112.354.147
13/09/2020,7.26,0.41,2.21,04.02,0.91,35.88,899.22,548.53,16643.97,550.41,0.91,5627.43,,7.126.663.825
14/09/2020,4.26,1.41,-3.79,01.02,-2.09,57.88,903.48,549.94,16640.17,551.43,-1.19,5685.31,,7.140.973.502
15/09/2020,-2.74,3.41,0.21,05.02,5.91,18.88,900.74,553.36,16640.38,556.45,5.91,5704.19,,715.928.318
16/09/2020,2.26,4.41,12.21,10.02,1.91,22.88,903.00,557.77,16652.59,566.47,7.81,5727.07,,7.184.592.857
17/09/2020,3.26,3.41,17.21,03.02,1.91,24.88,906.26,561.18,16669.79,569.49,1.91,5751.95,,
18/09/2020,3.26,2.41,16.21,02.02,-3.09,36.88,909.52,563.60,16686.00,571.51,-1.19,5788.83,,
19/09/2020,4.26,4.41,1.21,01.02,4.91,18.88,913.78,568.01,16687.21,572.53,4.91,5807.71,,
20/09/2020,-3.74,4.41,4.21,08.02,-0.09,29.88,910.04,572.42,16691.41,580.55,4.81,5837.59,,
21/09/2020,0.26,4.41,12.21,01.02,6.91,25.88,910.30,576.84,16703.62,581.57,6.91,5863.47,,
22/09/2020,6.26,5.41,21.21,06.02,3.91,18.88,916.56,582.25,16724.83,587.59,10.81,5882.35,,
23/09/2020,-1.74,1.41,-0.79,01.02,0.91,28.88,914.82,583.66,16724.03,588.61,0.91,5911.23,,
24/09/2020,6.26,0.41,13.21,03.02,2.91,11.88,921.08,584.08,16737.24,591.63,3.81,5923.11,,
25/09/2020,0.26,2.41,11.21,0.02,-1.09,13.88,921.34,586.49,16748.45,591.65,-1.09,5936.99,,
26/09/2020,-2.74,5.41,9.21,01.02,1.91,25.88,918.60,591.90,16757.65,592.67,0.81,5962.87,,
27/09/2020,1.26,-2.59,13.21,05.02,7.91,19.88,919.86,589.32,16770.86,597.69,7.91,5982.75,,
28/09/2020,4.26,-1.59,13.21,02.02,-0.09,9.88,924.12,587.73,16784.07,599.71,7.81,5992.63,,
29/09/2020,3.26,-0.59,6.21,01.02,4.91,21.88,927.38,587.14,16790.27,600.73,4.91,6014.51,,
30/09/2020,1.26,3.41,7.21,05.02,2.91,17.88,928.64,590.56,16797.48,605.75,7.81,6032.39,,
01/10/2020,-3.31,03.07,7.39,03.08,-2.47,12.68,925.33,593.63,16804.87,608.83,-2.47,6045.07,,
02/10/2020,-2.31,02.07,1.39,01.08,-3.47,13.68,923.02,595.70,16806.25,609.91,-5.94,6058.75,,
03/10/2020,-2.31,07.07,10.39,0.08,-0.47,5.68,920.71,602.77,16816.64,609.98,-0.47,6064.43,,
04/10/2020,4.69,05.07,24.39,-1.92,-2.47,10.68,925.40,607.84,16841.03,608.06,-2.94,6075.10,,
05/10/2020,1.69,02.07,11.39,05.08,4.53,12.68,927.09,609.91,16852.41,613.14,4.53,6087.78,,
06/10/2020,6.69,04.07,23.39,02.08,-3.47,15.68,933.78,613.98,16875.80,615.22,01.06,6103.46,,
07/10/2020,5.69,02.07,22.39,03.08,6.53,9.68,939.48,616.05,16898.19,618.29,6.53,6113.13,,
08/10/2020,2.69,01.07,8.39,07.08,3.53,12.68,942.17,617.12,16906.58,625.37,10.06,6125.81,,
09/10/2020,1.69,02.07,17.39,0.08,1.53,11.68,943.86,619.20,16923.96,625.45,1.53,6137.49,,
10/10/2020,-2.31,-0.93,-4.61,01.08,1.53,11.68,941.55,618.27,16919.35,626.53,03.06,6149.17,,
11/10/2020,1.69,03.07,38.39,-0.92,7.53,6.68,943.24,621.34,16957.74,625.60,7.53,6155.84,,
12/10/2020,-1.31,03.07,27.39,-0.92,-0.47,15.68,941.93,624.41,16985.12,624.68,07.06,6171.52,,
13/10/2020,-1.31,03.07,26.39,-0.92,-3.47,12.68,940.62,627.48,17011.51,623.76,-3.47,6184.20,,
14/10/2020,-2.31,02.07,8.39,0.08,0.53,18.68,938.31,629.55,17019.90,623.84,-2.94,6202.88,,
15/10/2020,4.69,0.07,13.39,03.08,-0.47,5.68,943.00,629.62,17033.29,626.91,-0.47,6208.55,,
16/10/2020,-1.31,05.07,20.39,0.08,1.53,11.68,941.69,634.69,17053.67,626.99,01.06,6220.23,,
17/10/2020,1.69,01.07,8.39,04.08,0.53,12.68,943.38,635.76,17062.06,631.07,0.53,6232.91,,
18/10/2020,4.69,01.07,9.39,01.08,2.53,14.68,948.07,636.83,17071.45,632.15,03.06,6247.59,,
19/10/2020,0.69,02.07,21.39,-1.92,3.53,3.68,948.76,638.91,17092.83,630.22,3.53,6251.26,,
20/10/2020,0.69,02.07,19.39,03.08,2.53,22.68,949.45,640.98,17112.22,633.30,06.06,6273.94,,
21/10/2020,0.69,02.07,15.39,0.08,0.53,6.68,950.14,643.05,17127.61,633.38,0.53,6280.62,,
22/10/2020,3.69,03.07,18.39,01.08,0.53,10.68,953.83,646.12,17145.99,634.46,01.06,6291.30,,
23/10/2020,-1.31,02.07,-1.61,04.08,2.53,12.68,952.52,648.19,17144.38,638.53,2.53,6303.97,,
24/10/2020,2.69,0.07,5.39,01.08,-3.47,11.68,955.21,648.26,17149.77,639.61,-0.94,6315.65,,
25/10/2020,2.69,0.07,24.39,0.08,-4.47,24.68,957.90,648.33,17174.16,639.69,-4.47,6340.33,,
26/10/2020,1.69,03.07,15.39,03.08,0.53,8.68,959.59,651.40,17189.54,642.76,-3.94,6349.01,,
27/10/2020,0.69,01.07,7.39,05.08,-2.47,7.68,960.28,652.47,17196.93,647.84,-2.47,6356.68,,
28/10/2020,3.69,0.07,1.39,03.08,4.53,10.68,963.97,652.54,17198.32,650.92,02.06,6367.36,,
29/10/2020,-1.31,01.07,21.39,01.08,-0.47,7.68,962.66,653.62,17219.70,652.00,-0.47,6375.04,,
30/10/2020,-0.31,03.07,8.39,01.08,-3.47,16.68,962.35,656.69,17228.09,653.07,-3.94,6391.72,,
31/10/2020,5.69,05.07,26.39,01.08,-3.47,14.68,968.04,661.76,17254.48,654.15,-3.47,6406.39,,
01/11/2020,3.91,4.96,18.77,2.88,-1.93,21.45,971.95,666.72,17273.25,657.03,-5.40,6427.85,,
02/11/2020,-2.09,1.96,5.77,2.88,04.07,17.45,969.86,668.68,17279.03,659.91,04.07,6445.30,,
03/11/2020,-2.09,1.96,17.77,0.88,-2.93,0.45,967.76,670.64,17296.80,660.79,1.13,6445.75,,
04/11/2020,3.91,1.96,6.77,0.88,02.07,-2.55,971.67,672.60,17303.57,661.67,02.07,6443.21,,
05/11/2020,-1.09,4.96,15.77,3.88,04.07,7.45,970.58,677.56,17319.35,665.55,6.13,6450.66,,
06/11/2020,-1.09,2.96,-0.23,-3.12,05.07,7.45,969.48,680.52,17319.12,662.43,05.07,6458.11,,
07/11/2020,0.91,4.96,11.77,-1.12,-1.93,8.45,970.39,685.48,17330.89,661.31,3.13,6466.57,,
08/11/2020,0.91,3.96,20.77,0.88,02.07,9.45,971.30,689.44,17351.67,662.19,02.07,6476.02,,
09/11/2020,-2.09,0.96,8.77,0.88,02.07,13.45,969.20,690.40,17360.44,663.07,4.13,6489.47,,
10/11/2020,1.91,1.96,11.77,0.88,01.07,11.45,971.11,692.36,17372.21,663.95,01.07,6500.93,,
11/11/2020,4.91,1.96,11.77,2.88,-1.93,4.45,976.02,694.32,17383.99,666.83,-0.87,6505.38,,
12/11/2020,3.91,2.96,14.77,-1.12,-1.93,14.45,979.92,697.28,17398.76,665.71,-1.93,6519.83,,
13/11/2020,5.91,0.96,26.77,-2.12,01.07,22.45,985.83,698.24,17425.53,663.59,-0.87,6542.29,,
14/11/2020,3.91,5.96,10.77,4.88,07.07,1.45,989.74,704.20,17436.31,668.47,07.07,6543.74,,
15/11/2020,2.91,1.96,0.77,-0.12,-0.93,12.45,992.64,706.16,17437.08,668.35,6.13,6556.19,,
16/11/2020,0.91,0.96,19.77,-0.12,05.07,9.45,993.55,707.12,17456.85,668.23,05.07,6565.65,,
17/11/2020,5.91,-0.04,12.77,-0.12,-1.93,19.45,999.46,707.08,17469.63,668.11,3.13,6585.10,,
18/11/2020,2.91,1.96,17.77,0.88,-1.93,12.45,1002.36,709.04,17487.40,668.99,-1.93,6597.55,,
19/11/2020,-3.09,3.96,26.77,-1.12,-1.93,17.45,999.27,713.00,17514.17,667.87,-3.87,6615.01,,
20/11/2020,1.91,7.96,4.77,3.88,-1.93,14.45,1001.18,720.96,17518.95,671.75,-1.93,6629.46,,
21/11/2020,-2.09,2.96,16.77,3.88,0.07,16.45,999.08,723.92,17535.72,675.63,-1.87,6645.91,,
22/11/2020,0.91,1.96,24.77,2.88,01.07,12.45,999.99,725.88,17560.49,678.51,01.07,6658.37,,
23/11/2020,3.91,2.96,13.77,1.88,02.07,1.45,1003.90,728.84,17574.27,680.39,3.13,6659.82,,
24/11/2020,-1.09,0.96,14.77,0.88,02.07,32.45,1002.80,729.80,17589.04,681.27,02.07,6692.27,,
25/11/2020,2.91,12.96,29.77,-1.12,02.07,7.45,1005.71,742.76,17618.81,680.15,4.13,6699.73,,
26/11/2020,1.91,-0.04,9.77,-2.12,-2.93,3.45,1007.62,742.72,17628.59,678.03,-2.93,6703.18,,
27/11/2020,2.91,-2.04,27.77,2.88,04.07,5.45,1010.52,740.68,17656.36,680.91,1.13,6708.63,,
28/11/2020,-1.09,4.96,36.77,-2.12,-2.93,6.45,1009.43,745.64,17693.13,678.79,-2.93,6715.09,,
29/11/2020,4.91,2.96,20.77,5.88,01.07,10.45,1014.34,748.60,17713.91,684.67,-1.87,6725.54,,
30/11/2020,1.91,0.96,15.77,3.88,0.07,12.45,1016.24,749.56,17729.68,688.55,0.07,6737.99,,
01/12/2020,2.44,8.10,12.55,-1.73,0.85,13.31,1018.68,757.66,17742.23,686.82,0.91,6751.30,,
02/12/2020,4.44,8.10,19.55,1.27,-2.15,5.31,1023.12,765.76,17761.78,688.09,-2.15,6756.61,,
03/12/2020,-0.56,1.10,17.55,5.27,6.85,24.31,1022.56,766.87,17779.32,693.36,4.69,6780.92,,
04/12/2020,-0.56,1.10,5.55,1.27,-1.15,12.31,1022.00,767.97,17784.87,694.64,-1.15,6793.23,,
05/12/2020,7.44,2.10,9.55,5.27,0.85,4.31,1029.44,770.07,17794.42,699.91,-0.31,6797.54,,
06/12/2020,3.44,5.10,1.55,1.27,5.85,23.31,1032.88,775.18,17795.97,701.18,5.85,6820.85,,
07/12/2020,1.44,3.10,17.55,1.27,6.85,0.31,1034.31,778.28,17813.52,702.45,12.69,6821.16,,
08/12/2020,0.44,1.10,9.55,1.27,2.85,13.31,1034.75,779.38,17823.07,703.72,2.85,6834.47,,
09/12/2020,-1.56,4.10,11.55,5.27,2.85,6.31,1033.19,783.49,17834.61,708.99,5.69,6840.78,,
10/12/2020,4.44,0.10,19.55,-0.73,-1.15,7.31,1037.63,783.59,17854.16,708.26,-1.15,6848.09,,
11/12/2020,-0.56,-0.90,23.55,3.27,1.85,12.31,1037.07,782.69,17877.71,711.53,0.69,6860.40,,
12/12/2020,-0.56,4.10,0.55,5.27,0.85,11.31,1036.51,786.80,17878.26,716.80,0.85,6871.71,,
13/12/2020,-0.56,2.10,19.55,3.27,4.85,16.31,1035.95,788.90,17897.81,720.07,5.69,6888.02,,
14/12/2020,-2.56,5.10,11.55,4.27,1.85,21.31,1033.38,794.00,17909.36,724.35,1.85,6909.33,,
15/12/2020,7.44,6.10,13.55,3.27,5.85,9.31,1040.82,800.11,17922.90,727.62,7.69,6918.64,,
16/12/2020,1.44,6.10,21.55,-1.73,3.85,10.31,1042.26,806.21,17944.45,725.89,3.85,6928.95,,
17/12/2020,3.44,1.10,-1.45,-0.73,-1.15,14.31,1045.70,807.31,17943.00,725.16,2.69,6943.26,,
18/12/2020,-2.56,5.10,19.55,0.27,-2.15,23.31,1043.14,812.42,17962.55,725.43,-2.15,6966.57,,
19/12/2020,1.44,2.10,13.55,3.27,1.85,19.31,1044.58,814.52,17976.10,728.70,-0.31,6985.88,,
20/12/2020,6.44,1.10,24.55,3.27,-3.15,28.31,1051.02,815.62,18000.65,731.97,-3.15,7014.19,,
21/12/2020,1.44,7.10,22.55,5.27,-1.15,14.31,1052.46,822.72,18023.19,737.24,-4.31,7028.50,,
22/12/2020,-1.56,2.10,11.55,2.27,2.85,7.31,1050.89,824.83,18034.74,739.51,2.85,7035.81,,
23/12/2020,-1.56,1.10,23.55,2.27,2.85,29.31,1049.33,825.93,18058.29,741.78,5.69,7065.12,,
24/12/2020,1.44,2.10,26.55,-1.73,-0.15,12.31,1050.77,828.03,18084.84,740.06,-0.15,7077.43,,
25/12/2020,5.44,0.10,8.55,3.27,3.85,19.31,1056.21,828.14,18093.39,743.33,3.69,7096.73,,
26/12/2020,3.44,0.10,8.55,7.27,1.85,7.31,1059.65,828.24,18101.94,750.60,1.85,7104.04,,
27/12/2020,-0.56,5.10,19.55,-3.73,-0.15,8.31,1059.09,833.34,18121.49,746.87,1.69,7112.35,,
28/12/2020,6.44,7.10,30.55,-1.73,1.85,14.31,1065.53,840.45,18152.03,745.14,1.85,7126.66,,
29/12/2020,5.44,0.10,15.55,2.27,-1.15,14.31,1070.97,840.55,18167.58,747.41,0.69,7140.97,,
30/12/2020,2.44,4.10,16.55,1.27,-0.15,18.31,1073.40,844.65,18184.13,748.68,-0.15,7159.28,,
31/12/2020,-1.56,3.10,-0.45,12.27,1.85,25.31,1071.84,847.76,18183.68,760.95,1.69,7184.59,,